,filename,language,algorithm,algorithm_name
0,bubble_sort.py,py,sort,bubble_sort
1,bubble_sort.py,py,sort,bubble_sort
2,bubble_sort.py,py,sort,bubble_sort
3,bubble_sort.py,py,sort,bubble_sort
4,bubble_sort.py,py,sort,bubble_sort
5,bubble_sort.py,py,sort,bubble_sort
6,bubble_sort.py,py,sort,bubble_sort
7,bubble_sort.py,py,sort,bubble_sort
8,bubble_sort.py,py,sort,bubble_sort
9,bubble_sort.py,py,sort,bubble_sort
10,bubble_sort.py,py,sort,bubble_sort
11,bubble_sort.py,py,sort,bubble_sort
12,bubble_sort.py,py,sort,bubble_sort
13,bubble_sort.py,py,sort,bubble_sort
14,bubble_sort.py,py,sort,bubble_sort
15,bubble_sort.py,py,sort,bubble_sort
16,bubble_sort.py,py,sort,bubble_sort
17,bubble_sort.py,py,sort,bubble_sort
18,bubble_sort.py,py,sort,bubble_sort
19,bubble_sort.py,py,sort,bubble_sort
20,bubble_sort.py,py,sort,bubble_sort
21,bubble_sort.py,py,sort,bubble_sort
22,bubble_sort.py,py,sort,bubble_sort
23,bubble_sort.py,py,sort,bubble_sort
24,bubble_sort.py,py,sort,bubble_sort
25,bubble_sort.py,py,sort,bubble_sort
26,bubble_sort.py,py,sort,bubble_sort
27,bubble_sort.py,py,sort,bubble_sort
28,bubble_sort.py,py,sort,bubble_sort
29,bubble_sort.py,py,sort,bubble_sort
30,bubble_sort.py,py,sort,bubble_sort
31,bubble_sort.py,py,sort,bubble_sort
32,bubble_sort.py,py,sort,bubble_sort
33,bubble_sort.py,py,sort,bubble_sort
34,bubble_sort.py,py,sort,bubble_sort
35,bubble_sort.py,py,sort,bubble_sort
36,bubble_sort.py,py,sort,bubble_sort
37,bubble_sort.py,py,sort,bubble_sort
38,bubble_sort.py,py,sort,bubble_sort
39,bubble_sort.py,py,sort,bubble_sort
40,bubble_sort.py,py,sort,bubble_sort
41,bubble_sort.py,py,sort,bubble_sort
42,bubble_sort.py,py,sort,bubble_sort
43,bubble_sort.py,py,sort,bubble_sort
44,bubble_sort.py,py,sort,bubble_sort
45,bubble_sort.py,py,sort,bubble_sort
46,bubble_sort.py,py,sort,bubble_sort
47,bubble_sort.py,py,sort,bubble_sort
48,bubble_sort.py,py,sort,bubble_sort
49,bubble_sort.py,py,sort,bubble_sort
50,bubble_sort.py,py,sort,bubble_sort
51,bubble_sort.py,py,sort,bubble_sort
52,bubble_sort.py,py,sort,bubble_sort
53,bubble_sort.py,py,sort,bubble_sort
54,bubble_sort.py,py,sort,bubble_sort
55,bubble_sort.py,py,sort,bubble_sort
56,bubble_sort.py,py,sort,bubble_sort
57,bubble_sort.py,py,sort,bubble_sort
58,bubble_sort.py,py,sort,bubble_sort
59,bubble_sort.py,py,sort,bubble_sort
60,bubble_sort.py,py,sort,bubble_sort
61,bubble_sort.py,py,sort,bubble_sort
62,bubble_sort.py,py,sort,bubble_sort
63,bubble_sort.py,py,sort,bubble_sort
64,bubble_sort.py,py,sort,bubble_sort
65,bubble_sort.py,py,sort,bubble_sort
66,bubble_sort.py,py,sort,bubble_sort
67,bubble_sort.py,py,sort,bubble_sort
68,bubble_sort.py,py,sort,bubble_sort
69,bubble_sort.py,py,sort,bubble_sort
70,bubble_sort.py,py,sort,bubble_sort
71,bubble_sort.py,py,sort,bubble_sort
72,bubble_sort.py,py,sort,bubble_sort
73,bubble_sort.py,py,sort,bubble_sort
74,bubble_sort.py,py,sort,bubble_sort
75,bubble_sort.py,py,sort,bubble_sort
76,bubble_sort.py,py,sort,bubble_sort
77,bubble_sort.py,py,sort,bubble_sort
78,bubble_sort.py,py,sort,bubble_sort
79,bubble_sort.py,py,sort,bubble_sort
80,bubble_sort.py,py,sort,bubble_sort
81,bubble_sort.py,py,sort,bubble_sort
82,bubble_sort.py,py,sort,bubble_sort
83,bubble_sort.py,py,sort,bubble_sort
84,bubble_sort.py,py,sort,bubble_sort
85,bubble_sort.py,py,sort,bubble_sort
86,bubble_sort.py,py,sort,bubble_sort
87,bubble_sort.py,py,sort,bubble_sort
88,bubble_sort.py,py,sort,bubble_sort
89,bubble_sort.py,py,sort,bubble_sort
90,bubble_sort.py,py,sort,bubble_sort
91,bubble_sort.py,py,sort,bubble_sort
92,bubble_sort.py,py,sort,bubble_sort
93,bubble_sort.py,py,sort,bubble_sort
94,bubble_sort.py,py,sort,bubble_sort
95,bubble_sort.py,py,sort,bubble_sort
96,bubble_sort.py,py,sort,bubble_sort
97,bubble_sort.py,py,sort,bubble_sort
98,bubble_sort.py,py,sort,bubble_sort
99,bubble_sort.py,py,sort,bubble_sort
100,bubble_sort.py,py,sort,bubble_sort
101,bubble_sort.py,py,sort,bubble_sort
102,bubble_sort.py,py,sort,bubble_sort
103,bubble_sort.py,py,sort,bubble_sort
104,bubble_sort.py,py,sort,bubble_sort
105,bubble_sort.py,py,sort,bubble_sort
106,bubble_sort.py,py,sort,bubble_sort
107,bubble_sort.py,py,sort,bubble_sort
108,bubble_sort.py,py,sort,bubble_sort
109,bubble_sort.py,py,sort,bubble_sort
110,bubble_sort.py,py,sort,bubble_sort
111,bubble_sort.py,py,sort,bubble_sort
112,bubble_sort.py,py,sort,bubble_sort
113,bubble_sort.py,py,sort,bubble_sort
114,bubble_sort.py,py,sort,bubble_sort
115,bubble_sort.py,py,sort,bubble_sort
116,bubble_sort.py,py,sort,bubble_sort
117,bubble_sort.py,py,sort,bubble_sort
118,bubble_sort.py,py,sort,bubble_sort
119,bubble_sort.py,py,sort,bubble_sort
120,bubble_sort.py,py,sort,bubble_sort
121,bubble_sort.py,py,sort,bubble_sort
122,bubble_sort.py,py,sort,bubble_sort
123,bubble_sort.py,py,sort,bubble_sort
124,bubble_sort.py,py,sort,bubble_sort
125,bubble_sort.py,py,sort,bubble_sort
126,bubble_sort.py,py,sort,bubble_sort
127,bubble_sort.py,py,sort,bubble_sort
128,bubble_sort.py,py,sort,bubble_sort
129,bubble_sort.py,py,sort,bubble_sort
130,bubble_sort.py,py,sort,bubble_sort
131,bubble_sort.py,py,sort,bubble_sort
132,bubble_sort.py,py,sort,bubble_sort
133,bubble_sort.py,py,sort,bubble_sort
134,bubble_sort.py,py,sort,bubble_sort
135,bubble_sort.py,py,sort,bubble_sort
136,bubble_sort.py,py,sort,bubble_sort
137,bubble_sort.py,py,sort,bubble_sort
138,bubble_sort.py,py,sort,bubble_sort
139,bubble_sort.py,py,sort,bubble_sort
140,bubble_sort.py,py,sort,bubble_sort
141,bubble_sort.py,py,sort,bubble_sort
142,bubble_sort.py,py,sort,bubble_sort
143,bubble_sort.py,py,sort,bubble_sort
144,bubble_sort.py,py,sort,bubble_sort
145,bubble_sort.py,py,sort,bubble_sort
146,bubble_sort.py,py,sort,bubble_sort
147,bubble_sort.py,py,sort,bubble_sort
148,bubble_sort.py,py,sort,bubble_sort
149,bubble_sort.py,py,sort,bubble_sort
150,bubble_sort.py,py,sort,bubble_sort
151,bubble_sort.py,py,sort,bubble_sort
152,bubble_sort.py,py,sort,bubble_sort
153,bubble_sort.py,py,sort,bubble_sort
154,bubble_sort.py,py,sort,bubble_sort
155,bubble_sort.py,py,sort,bubble_sort
156,bubble_sort.py,py,sort,bubble_sort
157,bubble_sort.py,py,sort,bubble_sort
158,bubble_sort.py,py,sort,bubble_sort
159,bubble_sort.py,py,sort,bubble_sort
160,bubble_sort.py,py,sort,bubble_sort
161,bubble_sort.py,py,sort,bubble_sort
162,bubble_sort.py,py,sort,bubble_sort
163,bubble_sort.py,py,sort,bubble_sort
164,bubble_sort.py,py,sort,bubble_sort
165,bubble_sort.py,py,sort,bubble_sort
166,bubble_sort.py,py,sort,bubble_sort
167,bubble_sort.py,py,sort,bubble_sort
168,bubble_sort.py,py,sort,bubble_sort
169,bubble_sort.py,py,sort,bubble_sort
170,bubble_sort.py,py,sort,bubble_sort
171,bubble_sort.py,py,sort,bubble_sort
172,bubble_sort.py,py,sort,bubble_sort
173,bubble_sort.py,py,sort,bubble_sort
174,bubble_sort.py,py,sort,bubble_sort
175,bubble_sort.py,py,sort,bubble_sort
176,bubble_sort.py,py,sort,bubble_sort
177,bubble_sort.py,py,sort,bubble_sort
178,bubble_sort.py,py,sort,bubble_sort
179,bubble_sort.py,py,sort,bubble_sort
180,bubble_sort.py,py,sort,bubble_sort
181,bubble_sort.py,py,sort,bubble_sort
182,bubble_sort.py,py,sort,bubble_sort
183,bubble_sort.py,py,sort,bubble_sort
184,bubble_sort.py,py,sort,bubble_sort
185,bubble_sort.py,py,sort,bubble_sort
186,bubble_sort.py,py,sort,bubble_sort
187,bubble_sort.py,py,sort,bubble_sort
188,bubble_sort.py,py,sort,bubble_sort
189,bubble_sort.py,py,sort,bubble_sort
190,bubble_sort.py,py,sort,bubble_sort
191,bubble_sort.py,py,sort,bubble_sort
192,bubble_sort.py,py,sort,bubble_sort
193,bubble_sort.py,py,sort,bubble_sort
194,bubble_sort.py,py,sort,bubble_sort
195,bubble_sort.py,py,sort,bubble_sort
196,bubble_sort.py,py,sort,bubble_sort
197,bubble_sort.py,py,sort,bubble_sort
198,bubble_sort.py,py,sort,bubble_sort
199,bubble_sort.py,py,sort,bubble_sort
200,bubble_sort.py,py,sort,bubble_sort
201,bubble_sort.py,py,sort,bubble_sort
202,bubble_sort.py,py,sort,bubble_sort
203,bubble_sort.py,py,sort,bubble_sort
204,bubble_sort.py,py,sort,bubble_sort
205,bubble_sort.py,py,sort,bubble_sort
206,bubble_sort.py,py,sort,bubble_sort
207,bubble_sort.py,py,sort,bubble_sort
208,bubble_sort.py,py,sort,bubble_sort
209,bubble_sort.py,py,sort,bubble_sort
210,bubble_sort.py,py,sort,bubble_sort
211,bubble_sort.py,py,sort,bubble_sort
212,bubble_sort.py,py,sort,bubble_sort
213,bubble_sort.py,py,sort,bubble_sort
214,bubble_sort.py,py,sort,bubble_sort
215,bubble_sort.py,py,sort,bubble_sort
216,bubble_sort.py,py,sort,bubble_sort
217,bubble_sort.py,py,sort,bubble_sort
218,bubble_sort.py,py,sort,bubble_sort
219,bubble_sort.py,py,sort,bubble_sort
220,bubble_sort.py,py,sort,bubble_sort
221,bubble_sort.py,py,sort,bubble_sort
222,bubble_sort.py,py,sort,bubble_sort
223,bubble_sort.py,py,sort,bubble_sort
224,bubble_sort.py,py,sort,bubble_sort
225,bubble_sort.py,py,sort,bubble_sort
226,bubble_sort.py,py,sort,bubble_sort
227,bubble_sort.py,py,sort,bubble_sort
228,bubble_sort.py,py,sort,bubble_sort
229,bubble_sort.py,py,sort,bubble_sort
230,bubble_sort.py,py,sort,bubble_sort
231,bubble_sort.py,py,sort,bubble_sort
232,bubble_sort.py,py,sort,bubble_sort
233,bubble_sort.py,py,sort,bubble_sort
234,bubble_sort.py,py,sort,bubble_sort
235,bubble_sort.py,py,sort,bubble_sort
236,bubble_sort.py,py,sort,bubble_sort
237,bubble_sort.py,py,sort,bubble_sort
238,bubble_sort.py,py,sort,bubble_sort
239,bubble_sort.py,py,sort,bubble_sort
240,bubble_sort.py,py,sort,bubble_sort
241,bubble_sort.py,py,sort,bubble_sort
242,bubble_sort.py,py,sort,bubble_sort
243,bubble_sort.py,py,sort,bubble_sort
244,bubble_sort.py,py,sort,bubble_sort
245,bubble_sort.py,py,sort,bubble_sort
246,bubble_sort.py,py,sort,bubble_sort
247,bubble_sort.py,py,sort,bubble_sort
248,bubble_sort.py,py,sort,bubble_sort
249,bubble_sort.py,py,sort,bubble_sort
250,bubble_sort.py,py,sort,bubble_sort
251,bubble_sort.py,py,sort,bubble_sort
252,bubble_sort.py,py,sort,bubble_sort
253,bubble_sort.py,py,sort,bubble_sort
254,bubble_sort.py,py,sort,bubble_sort
255,bubble_sort.py,py,sort,bubble_sort
256,bubble_sort.py,py,sort,bubble_sort
257,bubble_sort.py,py,sort,bubble_sort
258,bubble_sort.py,py,sort,bubble_sort
259,bubble_sort.py,py,sort,bubble_sort
260,bubble_sort.py,py,sort,bubble_sort
261,bubble_sort.py,py,sort,bubble_sort
262,bubble_sort.py,py,sort,bubble_sort
263,bubble_sort.py,py,sort,bubble_sort
264,bubble_sort.py,py,sort,bubble_sort
265,bubble_sort.py,py,sort,bubble_sort
266,bubble_sort.py,py,sort,bubble_sort
267,bubble_sort.py,py,sort,bubble_sort
268,bubble_sort.py,py,sort,bubble_sort
269,bubble_sort.py,py,sort,bubble_sort
270,bubble_sort.py,py,sort,bubble_sort
271,bubble_sort.py,py,sort,bubble_sort
272,bubble_sort.py,py,sort,bubble_sort
273,bubble_sort.py,py,sort,bubble_sort
274,bubble_sort.py,py,sort,bubble_sort
275,bubble_sort.py,py,sort,bubble_sort
276,bubble_sort.py,py,sort,bubble_sort
277,bubble_sort.py,py,sort,bubble_sort
278,bubble_sort.py,py,sort,bubble_sort
279,bubble_sort.py,py,sort,bubble_sort
280,bubble_sort.py,py,sort,bubble_sort
281,bubble_sort.py,py,sort,bubble_sort
282,bubble_sort.py,py,sort,bubble_sort
283,bubble_sort.py,py,sort,bubble_sort
284,bubble_sort.py,py,sort,bubble_sort
285,bubble_sort.py,py,sort,bubble_sort
286,bubble_sort.py,py,sort,bubble_sort
287,bubble_sort.py,py,sort,bubble_sort
288,bubble_sort.py,py,sort,bubble_sort
289,bubble_sort.py,py,sort,bubble_sort
290,bubble_sort.py,py,sort,bubble_sort
291,bubble_sort.py,py,sort,bubble_sort
292,bubble_sort.py,py,sort,bubble_sort
293,bubble_sort.py,py,sort,bubble_sort
294,bubble_sort.py,py,sort,bubble_sort
295,bubble_sort.py,py,sort,bubble_sort
296,bubble_sort.py,py,sort,bubble_sort
297,bubble_sort.py,py,sort,bubble_sort
298,bubble_sort.py,py,sort,bubble_sort
299,bubble_sort.py,py,sort,bubble_sort
300,bubble_sort.py,py,sort,bubble_sort
301,bubble_sort.py,py,sort,bubble_sort
302,bubble_sort.py,py,sort,bubble_sort
303,bubble_sort.py,py,sort,bubble_sort
304,bubble_sort.py,py,sort,bubble_sort
305,bubble_sort.py,py,sort,bubble_sort
306,bubble_sort.py,py,sort,bubble_sort
307,bubble_sort.py,py,sort,bubble_sort
308,bubble_sort.py,py,sort,bubble_sort
309,bubble_sort.py,py,sort,bubble_sort
310,bubble_sort.py,py,sort,bubble_sort
311,bubble_sort.py,py,sort,bubble_sort
312,bubble_sort.py,py,sort,bubble_sort
313,bubble_sort.py,py,sort,bubble_sort
314,bubble_sort.py,py,sort,bubble_sort
315,bubble_sort.py,py,sort,bubble_sort
316,bubble_sort.py,py,sort,bubble_sort
317,bubble_sort.py,py,sort,bubble_sort
318,bubble_sort.py,py,sort,bubble_sort
319,bubble_sort.py,py,sort,bubble_sort
320,bubble_sort.py,py,sort,bubble_sort
321,bubble_sort.py,py,sort,bubble_sort
322,bubble_sort.py,py,sort,bubble_sort
323,bubble_sort.py,py,sort,bubble_sort
324,bubble_sort.py,py,sort,bubble_sort
325,bubble_sort.py,py,sort,bubble_sort
326,bubble_sort.py,py,sort,bubble_sort
327,bubble_sort.py,py,sort,bubble_sort
328,bubble_sort.py,py,sort,bubble_sort
329,bubble_sort.py,py,sort,bubble_sort
330,bubble_sort.py,py,sort,bubble_sort
331,bubble_sort.py,py,sort,bubble_sort
332,bubble_sort.py,py,sort,bubble_sort
333,bubble_sort.py,py,sort,bubble_sort
334,bubble_sort.py,py,sort,bubble_sort
335,bubble_sort.py,py,sort,bubble_sort
336,bubble_sort.py,py,sort,bubble_sort
337,bubble_sort.py,py,sort,bubble_sort
338,bubble_sort.py,py,sort,bubble_sort
339,bubble_sort.py,py,sort,bubble_sort
340,bubble_sort.py,py,sort,bubble_sort
341,bubble_sort.py,py,sort,bubble_sort
342,bubble_sort.py,py,sort,bubble_sort
343,bubble_sort.py,py,sort,bubble_sort
344,bubble_sort.py,py,sort,bubble_sort
345,bubble_sort.py,py,sort,bubble_sort
346,bubble_sort.py,py,sort,bubble_sort
347,bubble_sort.py,py,sort,bubble_sort
348,bubble_sort.py,py,sort,bubble_sort
349,bubble_sort.py,py,sort,bubble_sort
350,bubble_sort.py,py,sort,bubble_sort
351,bubble_sort.py,py,sort,bubble_sort
352,bubble_sort.py,py,sort,bubble_sort
353,bubble_sort.py,py,sort,bubble_sort
354,bubble_sort.py,py,sort,bubble_sort
355,bubble_sort.py,py,sort,bubble_sort
356,bubble_sort.py,py,sort,bubble_sort
357,bubble_sort.py,py,sort,bubble_sort
358,bubble_sort.py,py,sort,bubble_sort
359,bubble_sort.py,py,sort,bubble_sort
360,bubble_sort.py,py,sort,bubble_sort
361,bubble_sort.py,py,sort,bubble_sort
362,bubble_sort.py,py,sort,bubble_sort
363,bubble_sort.py,py,sort,bubble_sort
364,bubble_sort.py,py,sort,bubble_sort
365,bubble_sort.py,py,sort,bubble_sort
366,bubble_sort.py,py,sort,bubble_sort
367,bubble_sort.py,py,sort,bubble_sort
368,bubble_sort.py,py,sort,bubble_sort
369,bubble_sort.py,py,sort,bubble_sort
370,bubble_sort.py,py,sort,bubble_sort
371,bubble_sort.py,py,sort,bubble_sort
372,bubble_sort.py,py,sort,bubble_sort
373,bubble_sort.py,py,sort,bubble_sort
374,bubble_sort.py,py,sort,bubble_sort
375,bubble_sort.py,py,sort,bubble_sort
376,bubble_sort.py,py,sort,bubble_sort
377,bubble_sort.py,py,sort,bubble_sort
378,bubble_sort.py,py,sort,bubble_sort
379,bubble_sort.py,py,sort,bubble_sort
380,bubble_sort.py,py,sort,bubble_sort
381,bubble_sort.py,py,sort,bubble_sort
382,bubble_sort.py,py,sort,bubble_sort
383,bubble_sort.py,py,sort,bubble_sort
384,bubble_sort.py,py,sort,bubble_sort
385,bubble_sort.py,py,sort,bubble_sort
386,bubble_sort.py,py,sort,bubble_sort
387,bubble_sort.py,py,sort,bubble_sort
388,bubble_sort.py,py,sort,bubble_sort
389,bubble_sort.py,py,sort,bubble_sort
390,bubble_sort.py,py,sort,bubble_sort
391,bubble_sort.py,py,sort,bubble_sort
392,bubble_sort.py,py,sort,bubble_sort
393,bubble_sort.py,py,sort,bubble_sort
394,bubble_sort.py,py,sort,bubble_sort
395,bubble_sort.py,py,sort,bubble_sort
396,bubble_sort.py,py,sort,bubble_sort
397,bubble_sort.py,py,sort,bubble_sort
398,bubble_sort.py,py,sort,bubble_sort
399,bubble_sort.py,py,sort,bubble_sort
400,bubble_sort.py,py,sort,bubble_sort
401,bubble_sort.py,py,sort,bubble_sort
402,bubble_sort.py,py,sort,bubble_sort
403,bubble_sort.py,py,sort,bubble_sort
404,bubble_sort.py,py,sort,bubble_sort
405,bubble_sort.py,py,sort,bubble_sort
406,bubble_sort.py,py,sort,bubble_sort
407,bubble_sort.py,py,sort,bubble_sort
408,bubble_sort.py,py,sort,bubble_sort
409,bubble_sort.py,py,sort,bubble_sort
410,bubble_sort.py,py,sort,bubble_sort
411,bubble_sort.py,py,sort,bubble_sort
412,quick_sort.py,py,sort,quick_sort
413,quick_sort.py,py,sort,quick_sort
414,quick_sort.py,py,sort,quick_sort
415,quick_sort.py,py,sort,quick_sort
416,quick_sort.py,py,sort,quick_sort
417,quick_sort.py,py,sort,quick_sort
418,quick_sort.py,py,sort,quick_sort
419,quick_sort.py,py,sort,quick_sort
420,quick_sort.py,py,sort,quick_sort
421,quick_sort.py,py,sort,quick_sort
422,quick_sort.py,py,sort,quick_sort
423,quick_sort.py,py,sort,quick_sort
424,quick_sort.py,py,sort,quick_sort
425,quick_sort.py,py,sort,quick_sort
426,quick_sort.py,py,sort,quick_sort
427,quick_sort.py,py,sort,quick_sort
428,quick_sort.py,py,sort,quick_sort
429,quick_sort.py,py,sort,quick_sort
430,quick_sort.py,py,sort,quick_sort
431,quick_sort.py,py,sort,quick_sort
432,quick_sort.py,py,sort,quick_sort
433,quick_sort.py,py,sort,quick_sort
434,quick_sort.py,py,sort,quick_sort
435,quick_sort.py,py,sort,quick_sort
436,quick_sort.py,py,sort,quick_sort
437,quick_sort.py,py,sort,quick_sort
438,quick_sort.py,py,sort,quick_sort
439,quick_sort.py,py,sort,quick_sort
440,quick_sort.py,py,sort,quick_sort
441,quick_sort.py,py,sort,quick_sort
442,quick_sort.py,py,sort,quick_sort
443,quick_sort.py,py,sort,quick_sort
444,quick_sort.py,py,sort,quick_sort
445,quick_sort.py,py,sort,quick_sort
446,quick_sort.py,py,sort,quick_sort
447,quick_sort.py,py,sort,quick_sort
448,quick_sort.py,py,sort,quick_sort
449,quick_sort.py,py,sort,quick_sort
450,quick_sort.py,py,sort,quick_sort
451,quick_sort.py,py,sort,quick_sort
452,quick_sort.py,py,sort,quick_sort
453,quick_sort.py,py,sort,quick_sort
454,quick_sort.py,py,sort,quick_sort
455,quick_sort.py,py,sort,quick_sort
456,quick_sort.py,py,sort,quick_sort
457,quick_sort.py,py,sort,quick_sort
458,quick_sort.py,py,sort,quick_sort
459,quick_sort.py,py,sort,quick_sort
460,quick_sort.py,py,sort,quick_sort
461,quick_sort.py,py,sort,quick_sort
462,quick_sort.py,py,sort,quick_sort
463,quick_sort.py,py,sort,quick_sort
464,quick_sort.py,py,sort,quick_sort
465,quick_sort.py,py,sort,quick_sort
466,quick_sort.py,py,sort,quick_sort
467,quick_sort.py,py,sort,quick_sort
468,quick_sort.py,py,sort,quick_sort
469,quick_sort.py,py,sort,quick_sort
470,quick_sort.py,py,sort,quick_sort
471,quick_sort.py,py,sort,quick_sort
472,quick_sort.py,py,sort,quick_sort
473,quick_sort.py,py,sort,quick_sort
474,quick_sort.py,py,sort,quick_sort
475,quick_sort.py,py,sort,quick_sort
476,quick_sort.py,py,sort,quick_sort
477,quick_sort.py,py,sort,quick_sort
478,quick_sort.py,py,sort,quick_sort
479,quick_sort.py,py,sort,quick_sort
480,quick_sort.py,py,sort,quick_sort
481,quick_sort.py,py,sort,quick_sort
482,quick_sort.py,py,sort,quick_sort
483,quick_sort.py,py,sort,quick_sort
484,quick_sort.py,py,sort,quick_sort
485,quick_sort.py,py,sort,quick_sort
486,quick_sort.py,py,sort,quick_sort
487,quick_sort.py,py,sort,quick_sort
488,quick_sort.py,py,sort,quick_sort
489,quick_sort.py,py,sort,quick_sort
490,quick_sort.py,py,sort,quick_sort
491,quick_sort.py,py,sort,quick_sort
492,quick_sort.py,py,sort,quick_sort
493,quick_sort.py,py,sort,quick_sort
494,quick_sort.py,py,sort,quick_sort
495,quick_sort.py,py,sort,quick_sort
496,quick_sort.py,py,sort,quick_sort
497,quick_sort.py,py,sort,quick_sort
498,quick_sort.py,py,sort,quick_sort
499,quick_sort.py,py,sort,quick_sort
500,quick_sort.py,py,sort,quick_sort
501,quick_sort.py,py,sort,quick_sort
502,quick_sort.py,py,sort,quick_sort
503,quick_sort.py,py,sort,quick_sort
504,quick_sort.py,py,sort,quick_sort
505,quick_sort.py,py,sort,quick_sort
506,quick_sort.py,py,sort,quick_sort
507,quick_sort.py,py,sort,quick_sort
508,quick_sort.py,py,sort,quick_sort
509,quick_sort.py,py,sort,quick_sort
510,quick_sort.py,py,sort,quick_sort
511,quick_sort.py,py,sort,quick_sort
512,quick_sort.py,py,sort,quick_sort
513,quick_sort.py,py,sort,quick_sort
514,quick_sort.py,py,sort,quick_sort
515,quick_sort.py,py,sort,quick_sort
516,quick_sort.py,py,sort,quick_sort
517,quick_sort.py,py,sort,quick_sort
518,quick_sort.py,py,sort,quick_sort
519,quick_sort.py,py,sort,quick_sort
520,quick_sort.py,py,sort,quick_sort
521,quick_sort.py,py,sort,quick_sort
522,quick_sort.py,py,sort,quick_sort
523,quick_sort.py,py,sort,quick_sort
524,quick_sort.py,py,sort,quick_sort
525,quick_sort.py,py,sort,quick_sort
526,quick_sort.py,py,sort,quick_sort
527,quick_sort.py,py,sort,quick_sort
528,quick_sort.py,py,sort,quick_sort
529,quick_sort.py,py,sort,quick_sort
530,quick_sort.py,py,sort,quick_sort
531,quick_sort.py,py,sort,quick_sort
532,quick_sort.py,py,sort,quick_sort
533,quick_sort.py,py,sort,quick_sort
534,quick_sort.py,py,sort,quick_sort
535,quick_sort.py,py,sort,quick_sort
536,quick_sort.py,py,sort,quick_sort
537,quick_sort.py,py,sort,quick_sort
538,quick_sort.py,py,sort,quick_sort
539,quick_sort.py,py,sort,quick_sort
540,quick_sort.py,py,sort,quick_sort
541,quick_sort.py,py,sort,quick_sort
542,quick_sort.py,py,sort,quick_sort
543,quick_sort.py,py,sort,quick_sort
544,quick_sort.py,py,sort,quick_sort
545,quick_sort.py,py,sort,quick_sort
546,quick_sort.py,py,sort,quick_sort
547,quick_sort.py,py,sort,quick_sort
548,quick_sort.py,py,sort,quick_sort
549,quick_sort.py,py,sort,quick_sort
550,quick_sort.py,py,sort,quick_sort
551,quick_sort.py,py,sort,quick_sort
552,quick_sort.py,py,sort,quick_sort
553,quick_sort.py,py,sort,quick_sort
554,quick_sort.py,py,sort,quick_sort
555,quick_sort.py,py,sort,quick_sort
556,quick_sort.py,py,sort,quick_sort
557,quick_sort.py,py,sort,quick_sort
558,quick_sort.py,py,sort,quick_sort
559,quick_sort.py,py,sort,quick_sort
560,quick_sort.py,py,sort,quick_sort
561,quick_sort.py,py,sort,quick_sort
562,quick_sort.py,py,sort,quick_sort
563,quick_sort.py,py,sort,quick_sort
564,quick_sort.py,py,sort,quick_sort
565,quick_sort.py,py,sort,quick_sort
566,quick_sort.py,py,sort,quick_sort
567,quick_sort.py,py,sort,quick_sort
568,quick_sort.py,py,sort,quick_sort
569,quick_sort.py,py,sort,quick_sort
570,quick_sort.py,py,sort,quick_sort
571,quick_sort.py,py,sort,quick_sort
572,quick_sort.py,py,sort,quick_sort
573,quick_sort.py,py,sort,quick_sort
574,quick_sort.py,py,sort,quick_sort
575,quick_sort.py,py,sort,quick_sort
576,quick_sort.py,py,sort,quick_sort
577,quick_sort.py,py,sort,quick_sort
578,quick_sort.py,py,sort,quick_sort
579,quick_sort.py,py,sort,quick_sort
580,quick_sort.py,py,sort,quick_sort
581,quick_sort.py,py,sort,quick_sort
582,quick_sort.py,py,sort,quick_sort
583,quick_sort.py,py,sort,quick_sort
584,quick_sort.py,py,sort,quick_sort
585,quick_sort.py,py,sort,quick_sort
586,quick_sort.py,py,sort,quick_sort
587,quick_sort.py,py,sort,quick_sort
588,quick_sort.py,py,sort,quick_sort
589,quick_sort.py,py,sort,quick_sort
590,quick_sort.py,py,sort,quick_sort
591,quick_sort.py,py,sort,quick_sort
592,quick_sort.py,py,sort,quick_sort
593,quick_sort.py,py,sort,quick_sort
594,quick_sort.py,py,sort,quick_sort
595,quick_sort.py,py,sort,quick_sort
596,quick_sort.py,py,sort,quick_sort
597,quick_sort.py,py,sort,quick_sort
598,quick_sort.py,py,sort,quick_sort
599,quick_sort.py,py,sort,quick_sort
600,quick_sort.py,py,sort,quick_sort
601,quick_sort.py,py,sort,quick_sort
602,quick_sort.py,py,sort,quick_sort
603,quick_sort.py,py,sort,quick_sort
604,quick_sort.py,py,sort,quick_sort
605,quick_sort.py,py,sort,quick_sort
606,quick_sort.py,py,sort,quick_sort
607,quick_sort.py,py,sort,quick_sort
608,quick_sort.py,py,sort,quick_sort
609,quick_sort.py,py,sort,quick_sort
610,quick_sort.py,py,sort,quick_sort
611,quick_sort.py,py,sort,quick_sort
612,quick_sort.py,py,sort,quick_sort
613,quick_sort.py,py,sort,quick_sort
614,quick_sort.py,py,sort,quick_sort
615,quick_sort.py,py,sort,quick_sort
616,quick_sort.py,py,sort,quick_sort
617,quick_sort.py,py,sort,quick_sort
618,quick_sort.py,py,sort,quick_sort
619,quick_sort.py,py,sort,quick_sort
620,quick_sort.py,py,sort,quick_sort
621,quick_sort.py,py,sort,quick_sort
622,quick_sort.py,py,sort,quick_sort
623,quick_sort.py,py,sort,quick_sort
624,quick_sort.py,py,sort,quick_sort
625,quick_sort.py,py,sort,quick_sort
626,quick_sort.py,py,sort,quick_sort
627,quick_sort.py,py,sort,quick_sort
628,quick_sort.py,py,sort,quick_sort
629,quick_sort.py,py,sort,quick_sort
630,quick_sort.py,py,sort,quick_sort
631,quick_sort.py,py,sort,quick_sort
632,quick_sort.py,py,sort,quick_sort
633,quick_sort.py,py,sort,quick_sort
634,quick_sort.py,py,sort,quick_sort
635,quick_sort.py,py,sort,quick_sort
636,quick_sort.py,py,sort,quick_sort
637,quick_sort.py,py,sort,quick_sort
638,quick_sort.py,py,sort,quick_sort
639,quick_sort.py,py,sort,quick_sort
640,quick_sort.py,py,sort,quick_sort
641,quick_sort.py,py,sort,quick_sort
642,quick_sort.py,py,sort,quick_sort
643,quick_sort.py,py,sort,quick_sort
644,quick_sort.py,py,sort,quick_sort
645,quick_sort.py,py,sort,quick_sort
646,quick_sort.py,py,sort,quick_sort
647,quick_sort.py,py,sort,quick_sort
648,quick_sort.py,py,sort,quick_sort
649,quick_sort.py,py,sort,quick_sort
650,quick_sort.py,py,sort,quick_sort
651,quick_sort.py,py,sort,quick_sort
652,quick_sort.py,py,sort,quick_sort
653,quick_sort.py,py,sort,quick_sort
654,quick_sort.py,py,sort,quick_sort
655,quick_sort.py,py,sort,quick_sort
656,quick_sort.py,py,sort,quick_sort
657,quick_sort.py,py,sort,quick_sort
658,quick_sort.py,py,sort,quick_sort
659,quick_sort.py,py,sort,quick_sort
660,quick_sort.py,py,sort,quick_sort
661,quick_sort.py,py,sort,quick_sort
662,quick_sort.py,py,sort,quick_sort
663,quick_sort.py,py,sort,quick_sort
664,quick_sort.py,py,sort,quick_sort
665,quick_sort.py,py,sort,quick_sort
666,quick_sort.py,py,sort,quick_sort
667,quick_sort.py,py,sort,quick_sort
668,quick_sort.py,py,sort,quick_sort
669,quick_sort.py,py,sort,quick_sort
670,quick_sort.py,py,sort,quick_sort
671,quick_sort.py,py,sort,quick_sort
672,quick_sort.py,py,sort,quick_sort
673,quick_sort.py,py,sort,quick_sort
674,quick_sort.py,py,sort,quick_sort
675,quick_sort.py,py,sort,quick_sort
676,quick_sort.py,py,sort,quick_sort
677,quick_sort.py,py,sort,quick_sort
678,quick_sort.py,py,sort,quick_sort
679,quick_sort.py,py,sort,quick_sort
680,quick_sort.py,py,sort,quick_sort
681,quick_sort.py,py,sort,quick_sort
682,quick_sort.py,py,sort,quick_sort
683,quick_sort.py,py,sort,quick_sort
684,quick_sort.py,py,sort,quick_sort
685,quick_sort.py,py,sort,quick_sort
686,quick_sort.py,py,sort,quick_sort
687,quick_sort.py,py,sort,quick_sort
688,quick_sort.py,py,sort,quick_sort
689,quick_sort.py,py,sort,quick_sort
690,quick_sort.py,py,sort,quick_sort
691,quick_sort.py,py,sort,quick_sort
692,quick_sort.py,py,sort,quick_sort
693,quick_sort.py,py,sort,quick_sort
694,quick_sort.py,py,sort,quick_sort
695,quick_sort.py,py,sort,quick_sort
696,quick_sort.py,py,sort,quick_sort
697,quick_sort.py,py,sort,quick_sort
698,quick_sort.py,py,sort,quick_sort
699,quick_sort.py,py,sort,quick_sort
700,quick_sort.py,py,sort,quick_sort
701,quick_sort.py,py,sort,quick_sort
702,quick_sort.py,py,sort,quick_sort
703,quick_sort.py,py,sort,quick_sort
704,quick_sort.py,py,sort,quick_sort
705,quick_sort.py,py,sort,quick_sort
706,quick_sort.py,py,sort,quick_sort
707,quick_sort.py,py,sort,quick_sort
708,quick_sort.py,py,sort,quick_sort
709,quick_sort.py,py,sort,quick_sort
710,quick_sort.py,py,sort,quick_sort
711,quick_sort.py,py,sort,quick_sort
712,quick_sort.py,py,sort,quick_sort
713,quick_sort.py,py,sort,quick_sort
714,quick_sort.py,py,sort,quick_sort
715,quick_sort.py,py,sort,quick_sort
716,quick_sort.py,py,sort,quick_sort
717,quick_sort.py,py,sort,quick_sort
718,quick_sort.py,py,sort,quick_sort
719,quick_sort.py,py,sort,quick_sort
720,quick_sort.py,py,sort,quick_sort
721,quick_sort.py,py,sort,quick_sort
722,quick_sort.py,py,sort,quick_sort
723,quick_sort.py,py,sort,quick_sort
724,quick_sort.py,py,sort,quick_sort
725,quick_sort.py,py,sort,quick_sort
726,quick_sort.py,py,sort,quick_sort
727,quick_sort.py,py,sort,quick_sort
728,quick_sort.py,py,sort,quick_sort
729,quick_sort.py,py,sort,quick_sort
730,quick_sort.py,py,sort,quick_sort
731,quick_sort.py,py,sort,quick_sort
732,quick_sort.py,py,sort,quick_sort
733,quick_sort.py,py,sort,quick_sort
734,quick_sort.py,py,sort,quick_sort
735,quick_sort.py,py,sort,quick_sort
736,quick_sort.py,py,sort,quick_sort
737,quick_sort.py,py,sort,quick_sort
738,quick_sort.py,py,sort,quick_sort
739,quick_sort.py,py,sort,quick_sort
740,quick_sort.py,py,sort,quick_sort
741,quick_sort.py,py,sort,quick_sort
742,quick_sort.py,py,sort,quick_sort
743,quick_sort.py,py,sort,quick_sort
744,quick_sort.py,py,sort,quick_sort
745,quick_sort.py,py,sort,quick_sort
746,quick_sort.py,py,sort,quick_sort
747,quick_sort.py,py,sort,quick_sort
748,quick_sort.py,py,sort,quick_sort
749,quick_sort.py,py,sort,quick_sort
750,quick_sort.py,py,sort,quick_sort
751,quick_sort.py,py,sort,quick_sort
752,quick_sort.py,py,sort,quick_sort
753,quick_sort.py,py,sort,quick_sort
754,quick_sort.py,py,sort,quick_sort
755,quick_sort.py,py,sort,quick_sort
756,quick_sort.py,py,sort,quick_sort
757,quick_sort.py,py,sort,quick_sort
758,quick_sort.py,py,sort,quick_sort
759,quick_sort.py,py,sort,quick_sort
760,quick_sort.py,py,sort,quick_sort
761,quick_sort.py,py,sort,quick_sort
762,quick_sort.py,py,sort,quick_sort
763,quick_sort.py,py,sort,quick_sort
764,quick_sort.py,py,sort,quick_sort
765,quick_sort.py,py,sort,quick_sort
766,quick_sort.py,py,sort,quick_sort
767,quick_sort.py,py,sort,quick_sort
768,quick_sort.py,py,sort,quick_sort
769,quick_sort.py,py,sort,quick_sort
770,quick_sort.py,py,sort,quick_sort
771,quick_sort.py,py,sort,quick_sort
772,quick_sort.py,py,sort,quick_sort
773,quick_sort.py,py,sort,quick_sort
774,quick_sort.py,py,sort,quick_sort
775,quick_sort.py,py,sort,quick_sort
776,quick_sort.py,py,sort,quick_sort
777,quick_sort.py,py,sort,quick_sort
778,quick_sort.py,py,sort,quick_sort
779,quick_sort.py,py,sort,quick_sort
780,quick_sort.py,py,sort,quick_sort
781,quick_sort.py,py,sort,quick_sort
782,quick_sort.py,py,sort,quick_sort
783,quick_sort.py,py,sort,quick_sort
784,quick_sort.py,py,sort,quick_sort
785,quick_sort.py,py,sort,quick_sort
786,quick_sort.py,py,sort,quick_sort
787,quick_sort.py,py,sort,quick_sort
788,quick_sort.py,py,sort,quick_sort
789,quick_sort.py,py,sort,quick_sort
790,quick_sort.py,py,sort,quick_sort
791,quick_sort.py,py,sort,quick_sort
792,quick_sort.py,py,sort,quick_sort
793,quick_sort.py,py,sort,quick_sort
794,quick_sort.py,py,sort,quick_sort
795,quick_sort.py,py,sort,quick_sort
796,quick_sort.py,py,sort,quick_sort
797,quick_sort.py,py,sort,quick_sort
798,quick_sort.py,py,sort,quick_sort
799,quick_sort.py,py,sort,quick_sort
800,quick_sort.py,py,sort,quick_sort
801,quick_sort.py,py,sort,quick_sort
802,quick_sort.py,py,sort,quick_sort
803,quick_sort.py,py,sort,quick_sort
804,quick_sort.py,py,sort,quick_sort
805,quick_sort.py,py,sort,quick_sort
806,quick_sort.py,py,sort,quick_sort
807,quick_sort.py,py,sort,quick_sort
808,quick_sort.py,py,sort,quick_sort
809,quick_sort.py,py,sort,quick_sort
810,quick_sort.py,py,sort,quick_sort
811,quick_sort.py,py,sort,quick_sort
812,quick_sort.py,py,sort,quick_sort
813,quick_sort.py,py,sort,quick_sort
814,quick_sort.py,py,sort,quick_sort
815,quick_sort.py,py,sort,quick_sort
816,quick_sort.py,py,sort,quick_sort
817,quick_sort.py,py,sort,quick_sort
818,quick_sort.py,py,sort,quick_sort
819,quick_sort.py,py,sort,quick_sort
820,quick_sort.py,py,sort,quick_sort
821,quick_sort.py,py,sort,quick_sort
822,quick_sort.py,py,sort,quick_sort
823,quick_sort.py,py,sort,quick_sort
824,binary_search.py,py,find,binary_search
825,binary_search.py,py,find,binary_search
826,binary_search.py,py,find,binary_search
827,binary_search.py,py,find,binary_search
828,binary_search.py,py,find,binary_search
829,binary_search.py,py,find,binary_search
830,binary_search.py,py,find,binary_search
831,binary_search.py,py,find,binary_search
832,binary_search.py,py,find,binary_search
833,binary_search.py,py,find,binary_search
834,binary_search.py,py,find,binary_search
835,binary_search.py,py,find,binary_search
836,binary_search.py,py,find,binary_search
837,binary_search.py,py,find,binary_search
